[{
    "name": "OPPO F21s Pro 5G",
    "price": 245.67,
    "description": "OPPO F21s Pro 5G is a powerful device with a RAM extension feature, that offers brilliant operational speed to users.",
    "ratings": 4.5,
    "images": [
      {
        "image": "/images/1.jpg"
      },
      {
        "image": "/images/2.jpg"
      }
    ],
    "category": "Mobile Phones",
    "seller": "Amazon",
    "stock": 5
  },
  {
    "name": "WRISTIO HD, Bluetooth Calling Smart Watch",
    "price": 150.32,
    "description": "Minix watches are exclusively designed to fulfill the advanced tech needs of today’s generation.",
    "ratings": 3.5,
    "images": [
      {
        "image": "/images/2.jpg"
      }
    ],
    "category": "Accessories",
    "seller": "Flipkart",
    "stock": 9
  },
  {
    "name": "Dell Inspiron 3511 Laptop",
    "price": 440.57,
    "description": "Dell Inspiron 3511 11th Generation Intel Core i5-1135G7 Processor (8MB Cache, up to 4.2 GHz);Operating System: Windows 10 Home Single Language, English",
    "ratings": 2,
    "images": [
      {
        "image": "/images/3.jpg"
      }
    ],
    "category": "Laptops",
    "seller": "Ebay",
    "stock": 9
  },
  {
    "name": "Lenovo IdeaPad Slim 3 Laptop",
    "price": 250.45,
    "description": "Lenovo IdeaPad Slim 311th Gen Intel Core i5-1135G7 | Speed: 2.4 GHz (Base) - 4.2 GHz (Max) | 4 Cores | 8 Threads | 8 MB Cache",
    "ratings": 4,
    "images": [
      {
        "image": "/images/6.jpg"
      }
    ],
    "category": "Laptops",
    "seller": "Ebay",
    "stock": 9
  },
  {
    "name": "ASUS VivoBook 15 Laptop",
    "price": 767.32,
    "description": "ASUS VivoBook 15 15.6-inch (39.62 cm) HD, Dual Core Intel Celeron N4020, Thin and Light Laptop (4GB RAM/256GB SSD/Integrated Graphics/Windows 11 Home/Transparent Silver/1.8 Kg), X515MA-BR011W",
    "ratings": 5,
    "images": [
      {
        "image": "/images/7.jpg"
      }
    ],
    "category": "Laptops",
    "seller": "Ebay",
    "stock": 9
  },
  {
    "name": "PTron Newly Launched Tangent Sports, 60Hrs Playtime",
    "price": 15.46,
    "description": "Gigantic 60 + Hours of music playtime on a single charge; BT5.2 Wireless headphones with ENC (Environmental Noise Cancellation) Technology to enhance your voice quality over the voice calls",
    "ratings": 5,
    "images": [
      {
        "image": "/images/4.jpg"
      }
    ],
    "category": "Headphones",
    "seller": "Amazon",
    "stock": 4
  },
  {
    "name": "Campus Men's Maxico Running Shoes",
    "price": 10.12,
    "description": "The high raised back cover with extra padding.",
    "ratings": 3,
    "images": [
      {
        "image": "/images/5.jpg"
      }
    ],
    "category": "Sports",
    "seller": "Ebay",
    "stock": 6
  },


  {
  "name": "Samsung Galaxy A26 5G",
  "price": 300,
  "description": "6.7″ AMOLED 120 Hz, Exynos 1380, 6 GB RAM + 128 GB + microSD, 50 MP main cam, 5000 mAh battery, IP67 dust/water resistant.",
  "ratings": 4.8,
  "images": [

    { "image": "/images/8.jpg" }

  ],
  "category": "Mobile Phones",
  "seller": "Samsung.com",
  "stock": 15
},
{
  "name": "Samsung Galaxy S25 Ultra",
  "price": 1299,
  "description": "6.9″ Dynamic AMOLED 2X 120 Hz, Snapdragon 8 Elite, 12 GB RAM + 256 GB (up to 1 TB), quad‑cam (200 MP main), 5000 mAh battery, 7 years updates.",
  "ratings": 4.8,
  "images": [

    { "image": "/images/9.jpg" }

  ],
  "category": "Mobile Phones",
  "seller": "Amazon",
  "stock": 8
},
{
  "name": "Samsung Galaxy S24 Ultra",
  "price": 1399,
  "description": "6.8″ Dynamic AMOLED 2X 120 Hz, Snapdragon 8 Gen 3, 12 GB RAM + 256‑512 GB, quad‑cam (200 MP main + 50MP ultrawide + 12MP + 10MP), 5000 mAh, titanium frame.",
  "ratings": 4.7,
  "images": [

    { "image": "/images/10.jpg" }
  
  ],
  "category": "Mobile Phones",
  "seller": "Amazon",
  "stock": 10
},
{
  "name": "Samsung Galaxy Z Fold6",
  "price": 1619.99,
  "description": "7.6″ unfolded Dynamic AMOLED 2X + 6.3″ cover display, Snapdragon 8 Gen 3, 12 GB RAM, 256‑512 GB, AI features, IP48 dust protected foldable.",
  "ratings": 4.5,
  "images": [

    { "image": "/images/11.jpg" }
  
  ],
  "category": "Mobile Phones",
  "seller": "Samsung.com",
  "stock": 5
},
{
  "name": "Samsung ViewFinity S9 S90PC 27\" Monitor",
  "price": 1049.99,
  "description": "27″ 5K IPS LED, color‑accurate creative display, matte adjustable stand, hardware calibration, built‑in smart TV features.",
  "ratings": 3.3,
  "images": [

    { "image": "/images/12.jpg" }
    
  ],
  "category": "Monitors",
  "seller": "SimplyShopping.in",
  "stock": 7
}]